{
  "in_sample": {
    "total_return_%": 1417.1223602413427,
    "max_drawdown_%": 0.5662866633478866,
    "sharpe_ratio": 0.6838657406249856,
    "sortino_ratio": 12.665663021947543,
    "calmar_ratio": 60.45121852793434,
    "total_trades": 27,
    "win_rate_%": 88.88888888888889,
    "profit_factor": 100.43138162514596
  },
  "out_of_sample": {
    "total_return_%": 334.90001485834375,
    "max_drawdown_%": 6.575616712309665,
    "sharpe_ratio": 1.134070718062165,
    "sortino_ratio": Infinity,
    "calmar_ratio": 5.767622065267997,
    "total_trades": 15,
    "win_rate_%": 93.33333333333333,
    "profit_factor": 32.75102745977327
  }
}