{
  "in_sample": {
    "total_return_%": 1218.611307304184,
    "max_drawdown_%": 0.65201904661544,
    "sharpe_ratio": 0.7134532256128201,
    "sortino_ratio": 10.49536155094203,
    "calmar_ratio": 47.89327979151901,
    "total_trades": 29,
    "win_rate_%": 89.65517241379311,
    "profit_factor": 86.58382726725723
  },
  "out_of_sample": {
    "total_return_%": 333.1796962696462,
    "max_drawdown_%": 7.571378940047167,
    "sharpe_ratio": 1.1255349791717766,
    "sortino_ratio": Infinity,
    "calmar_ratio": 5.015390083400021,
    "total_trades": 15,
    "win_rate_%": 93.33333333333333,
    "profit_factor": 28.512122539061515
  }
}