{
  "in_sample": {
    "total_return_%": 1566.030546269792,
    "max_drawdown_%": 0.5134219439304182,
    "sharpe_ratio": 0.8326586519509851,
    "sortino_ratio": 12.447327344290315,
    "calmar_ratio": 63.459259315386234,
    "total_trades": 35,
    "win_rate_%": 80.0,
    "profit_factor": 69.175703815025
  },
  "out_of_sample": {
    "total_return_%": 307.4409209809449,
    "max_drawdown_%": 6.631320838126044,
    "sharpe_ratio": 1.0276168475704441,
    "sortino_ratio": Infinity,
    "calmar_ratio": 5.513601147992666,
    "total_trades": 13,
    "win_rate_%": 92.3076923076923,
    "profit_factor": 37.33619521909002
  }
}