{
  "in_sample": {
    "total_return_%": 1139.1521718089261,
    "max_drawdown_%": 2.1020985302760162,
    "sharpe_ratio": 0.7734292052386116,
    "sortino_ratio": 4.3482309357896485,
    "calmar_ratio": 14.367571375616311,
    "total_trades": 28,
    "win_rate_%": 78.57142857142857,
    "profit_factor": 76.31984690299086
  },
  "out_of_sample": {
    "total_return_%": 329.74168735718337,
    "max_drawdown_%": 7.434441965885477,
    "sharpe_ratio": 1.1168699571889078,
    "sortino_ratio": Infinity,
    "calmar_ratio": 5.193567679114801,
    "total_trades": 13,
    "win_rate_%": 92.3076923076923,
    "profit_factor": 28.198029294652734
  }
}