{
  "in_sample": {
    "total_return_%": 1139.4730279384864,
    "max_drawdown_%": 0.693899056010832,
    "sharpe_ratio": 0.7783690673772262,
    "sortino_ratio": 7.186196680159278,
    "calmar_ratio": 42.86766405416231,
    "total_trades": 26,
    "win_rate_%": 84.61538461538461,
    "profit_factor": 75.92448294068308
  },
  "out_of_sample": {
    "total_return_%": 339.2171392082127,
    "max_drawdown_%": 7.434441965885477,
    "sharpe_ratio": 1.1246289172732726,
    "sortino_ratio": Infinity,
    "calmar_ratio": 5.1998705456005725,
    "total_trades": 15,
    "win_rate_%": 93.33333333333333,
    "profit_factor": 29.006212074484278
  }
}