{
  "in_sample": {
    "total_return_%": 1595.2521844110297,
    "max_drawdown_%": 2.072116743075103,
    "sharpe_ratio": 0.7820213752851787,
    "sortino_ratio": 3.7567874689001117,
    "calmar_ratio": 16.16934470141516,
    "total_trades": 37,
    "win_rate_%": 72.97297297297297,
    "profit_factor": 61.27547882301794
  },
  "out_of_sample": {
    "total_return_%": 306.9048656526162,
    "max_drawdown_%": 6.631320838126044,
    "sharpe_ratio": 1.1428313324992385,
    "sortino_ratio": Infinity,
    "calmar_ratio": 5.327505871027995,
    "total_trades": 14,
    "win_rate_%": 92.85714285714286,
    "profit_factor": 37.29681018573399
  }
}