{
  "in_sample": {
    "total_return_%": 1592.0364382926327,
    "max_drawdown_%": 0.505526909150834,
    "sharpe_ratio": 0.7859879625418023,
    "sortino_ratio": 12.268501204980094,
    "calmar_ratio": 66.06767893249089,
    "total_trades": 30,
    "win_rate_%": 80.0,
    "profit_factor": 71.16731804114966
  },
  "out_of_sample": {
    "total_return_%": 306.9048656526162,
    "max_drawdown_%": 6.631320838126044,
    "sharpe_ratio": 1.1428313324992385,
    "sortino_ratio": Infinity,
    "calmar_ratio": 5.327505871027995,
    "total_trades": 14,
    "win_rate_%": 92.85714285714286,
    "profit_factor": 37.29681018573399
  }
}