{
  "in_sample": {
    "total_return_%": 1148.6558972397415,
    "max_drawdown_%": 0.801535283935286,
    "sharpe_ratio": 0.7589091265363735,
    "sortino_ratio": 7.3447722540211124,
    "calmar_ratio": 37.378395592156295,
    "total_trades": 27,
    "win_rate_%": 88.88888888888889,
    "profit_factor": 70.23051508775
  },
  "out_of_sample": {
    "total_return_%": 336.1942153963615,
    "max_drawdown_%": 7.434441965885477,
    "sharpe_ratio": 1.1190941736115296,
    "sortino_ratio": Infinity,
    "calmar_ratio": 5.168958522583561,
    "total_trades": 15,
    "win_rate_%": 93.33333333333333,
    "profit_factor": 28.758823397354913
  }
}