{
  "in_sample": {
    "total_return_%": 1514.8813844559452,
    "max_drawdown_%": 0.5296924212940052,
    "sharpe_ratio": 0.7683345985348398,
    "sortino_ratio": 11.665389998410017,
    "calmar_ratio": 63.15394558920524,
    "total_trades": 30,
    "win_rate_%": 76.66666666666667,
    "profit_factor": 75.92943606897846
  },
  "out_of_sample": {
    "total_return_%": 342.94665695137405,
    "max_drawdown_%": 5.201773542212567,
    "sharpe_ratio": 1.1437208286163811,
    "sortino_ratio": Infinity,
    "calmar_ratio": 7.344779937734131,
    "total_trades": 14,
    "win_rate_%": 92.85714285714286,
    "profit_factor": 41.52083829316519
  }
}