{
  "in_sample": {
    "total_return_%": 1152.535247919988,
    "max_drawdown_%": 0.8050107065283493,
    "sharpe_ratio": 0.7373084604135776,
    "sortino_ratio": 7.352697004723438,
    "calmar_ratio": 37.483185731103426,
    "total_trades": 28,
    "win_rate_%": 89.28571428571429,
    "profit_factor": 70.47523074623112
  },
  "out_of_sample": {
    "total_return_%": 334.97496785335414,
    "max_drawdown_%": 7.434441965885477,
    "sharpe_ratio": 1.1157005128926074,
    "sortino_ratio": 0.47639008872010846,
    "calmar_ratio": 5.1464120001357125,
    "total_trades": 16,
    "win_rate_%": 87.5,
    "profit_factor": 26.54466098911941
  }
}