{
  "in_sample": {
    "total_return_%": 1537.3056850209782,
    "max_drawdown_%": 0.5224340739475589,
    "sharpe_ratio": 0.7624249542252577,
    "sortino_ratio": 12.064267316155819,
    "calmar_ratio": 64.43804862871846,
    "total_trades": 31,
    "win_rate_%": 77.41935483870968,
    "profit_factor": 74.14397859258086
  },
  "out_of_sample": {
    "total_return_%": 344.59507101563764,
    "max_drawdown_%": 5.201773542212567,
    "sharpe_ratio": 1.1432524514324742,
    "sortino_ratio": Infinity,
    "calmar_ratio": 7.350982239924847,
    "total_trades": 14,
    "win_rate_%": 92.85714285714286,
    "profit_factor": 41.714029227611725
  }
}