{
  "in_sample": {
    "total_return_%": 1594.816334368537,
    "max_drawdown_%": 0.5046973116831548,
    "sharpe_ratio": 0.7904840508905027,
    "sortino_ratio": 16.026668979523414,
    "calmar_ratio": 66.40823448418843,
    "total_trades": 29,
    "win_rate_%": 82.75862068965517,
    "profit_factor": 71.28059730320736
  },
  "out_of_sample": {
    "total_return_%": 307.9133989624506,
    "max_drawdown_%": 6.631320838126044,
    "sharpe_ratio": 1.02743153576291,
    "sortino_ratio": Infinity,
    "calmar_ratio": 5.507713432728192,
    "total_trades": 13,
    "win_rate_%": 92.3076923076923,
    "profit_factor": 37.39156872307263
  }
}