{
  "in_sample": {
    "total_return_%": 1565.892683109276,
    "max_drawdown_%": 0.5776845215171941,
    "sharpe_ratio": 0.8467879437287247,
    "sortino_ratio": 10.804633744348683,
    "calmar_ratio": 56.15615994351037,
    "total_trades": 47,
    "win_rate_%": 72.3404255319149,
    "profit_factor": 65.06107183793866
  },
  "out_of_sample": {
    "total_return_%": 307.4409209809449,
    "max_drawdown_%": 6.631320838126044,
    "sharpe_ratio": 1.0276168475704441,
    "sortino_ratio": Infinity,
    "calmar_ratio": 5.513601147992666,
    "total_trades": 13,
    "win_rate_%": 92.3076923076923,
    "profit_factor": 37.33619521909002
  }
}