{
  "in_sample": {
    "total_return_%": 1458.6394002195198,
    "max_drawdown_%": 12.168305158445868,
    "sharpe_ratio": 0.67912920057257,
    "sortino_ratio": 0.7985333146272885,
    "calmar_ratio": 2.881681346805666,
    "total_trades": 29,
    "win_rate_%": 79.3103448275862,
    "profit_factor": 45.20693891922149
  },
  "out_of_sample": {
    "total_return_%": 335.79823434303535,
    "max_drawdown_%": 6.575616712309665,
    "sharpe_ratio": 1.1349864112620522,
    "sortino_ratio": 0.5267789405852563,
    "calmar_ratio": 5.769497464928607,
    "total_trades": 15,
    "win_rate_%": 86.66666666666667,
    "profit_factor": 31.601869177569224
  }
}