{
  "in_sample": {
    "total_return_%": 1394.7625597296772,
    "max_drawdown_%": 1.2335169847570564,
    "sharpe_ratio": 0.6631739424921225,
    "sortino_ratio": 4.843301967546967,
    "calmar_ratio": 28.073208035905658,
    "total_trades": 28,
    "win_rate_%": 85.71428571428571,
    "profit_factor": 91.39972155784845
  },
  "out_of_sample": {
    "total_return_%": 334.3992557882225,
    "max_drawdown_%": 6.575616712309665,
    "sharpe_ratio": 1.1333004925284789,
    "sortino_ratio": Infinity,
    "calmar_ratio": 5.7636210273629045,
    "total_trades": 15,
    "win_rate_%": 93.33333333333333,
    "profit_factor": 32.7039732594566
  }
}