{
  "in_sample": {
    "total_return_%": 1139.4888255861456,
    "max_drawdown_%": 0.812441819384743,
    "sharpe_ratio": 0.7804151824071731,
    "sortino_ratio": 5.8171311542394175,
    "calmar_ratio": 36.8165582289211,
    "total_trades": 26,
    "win_rate_%": 84.61538461538461,
    "profit_factor": 67.60694675510409
  },
  "out_of_sample": {
    "total_return_%": 332.42794127696686,
    "max_drawdown_%": 7.434441965885477,
    "sharpe_ratio": 1.1174317184386182,
    "sortino_ratio": Infinity,
    "calmar_ratio": 5.1797418933421895,
    "total_trades": 14,
    "win_rate_%": 92.85714285714286,
    "profit_factor": 28.43423324272294
  }
}