{
  "in_sample": {
    "total_return_%": 1526.748164050377,
    "max_drawdown_%": 0.5258264144202837,
    "sharpe_ratio": 0.8221694091600856,
    "sortino_ratio": 15.075571329951408,
    "calmar_ratio": 61.80504819527288,
    "total_trades": 33,
    "win_rate_%": 84.84848484848484,
    "profit_factor": 68.3269555791153
  },
  "out_of_sample": {
    "total_return_%": 307.3102158097457,
    "max_drawdown_%": 6.631320838126044,
    "sharpe_ratio": 1.0283335878609785,
    "sortino_ratio": Infinity,
    "calmar_ratio": 5.522357749453916,
    "total_trades": 13,
    "win_rate_%": 92.3076923076923,
    "profit_factor": 37.32087682627331
  }
}