{
  "in_sample": {
    "total_return_%": 1139.4730279384864,
    "max_drawdown_%": 0.693899056010832,
    "sharpe_ratio": 0.7786726047312444,
    "sortino_ratio": 7.191791227983457,
    "calmar_ratio": 42.901037089626826,
    "total_trades": 26,
    "win_rate_%": 84.61538461538461,
    "profit_factor": 75.92448294068308
  },
  "out_of_sample": {
    "total_return_%": 340.66317173531166,
    "max_drawdown_%": 7.434441965885477,
    "sharpe_ratio": 1.12776663736013,
    "sortino_ratio": Infinity,
    "calmar_ratio": 5.21960461612139,
    "total_trades": 15,
    "win_rate_%": 93.33333333333333,
    "profit_factor": 29.12455183301956
  }
}