{
  "in_sample": {
    "total_return_%": 1147.854360942576,
    "max_drawdown_%": 0.8025818284229534,
    "sharpe_ratio": 0.7576960347106494,
    "sortino_ratio": 7.39092598263947,
    "calmar_ratio": 37.6184723055222,
    "total_trades": 26,
    "win_rate_%": 88.46153846153845,
    "profit_factor": 70.17043405190272
  },
  "out_of_sample": {
    "total_return_%": 332.42794127696686,
    "max_drawdown_%": 7.434441965885477,
    "sharpe_ratio": 1.116410372886933,
    "sortino_ratio": Infinity,
    "calmar_ratio": 5.1703156114616755,
    "total_trades": 14,
    "win_rate_%": 92.85714285714286,
    "profit_factor": 28.43423324272294
  }
}