{
  "in_sample": {
    "total_return_%": 1585.1041347715852,
    "max_drawdown_%": 0.5076076288348665,
    "sharpe_ratio": 0.7849862601173275,
    "sortino_ratio": 15.946253680695396,
    "calmar_ratio": 66.06045775663836,
    "total_trades": 29,
    "win_rate_%": 82.75862068965517,
    "profit_factor": 70.85414958169822
  },
  "out_of_sample": {
    "total_return_%": 307.4409209809449,
    "max_drawdown_%": 6.631320838126044,
    "sharpe_ratio": 1.0271577035240762,
    "sortino_ratio": Infinity,
    "calmar_ratio": 5.508691440826156,
    "total_trades": 13,
    "win_rate_%": 92.3076923076923,
    "profit_factor": 37.33619521909002
  }
}