{
  "in_sample": {
    "total_return_%": 1137.053137362594,
    "max_drawdown_%": 0.8755110431159301,
    "sharpe_ratio": 0.7734055369728288,
    "sortino_ratio": 5.799086644183003,
    "calmar_ratio": 33.9641304139235,
    "total_trades": 27,
    "win_rate_%": 81.48148148148148,
    "profit_factor": 59.82440102712807
  },
  "out_of_sample": {
    "total_return_%": 338.9165811712974,
    "max_drawdown_%": 7.434441965885477,
    "sharpe_ratio": 1.1235803268815767,
    "sortino_ratio": Infinity,
    "calmar_ratio": 5.193096695227923,
    "total_trades": 15,
    "win_rate_%": 93.33333333333333,
    "profit_factor": 28.98161514125639
  }
}