{
  "in_sample": {
    "total_return_%": 1134.908237214642,
    "max_drawdown_%": 0.8755110431159301,
    "sharpe_ratio": 0.7731723525895906,
    "sortino_ratio": 6.069239414593285,
    "calmar_ratio": 33.97393574364912,
    "total_trades": 27,
    "win_rate_%": 81.48148148148148,
    "profit_factor": 59.05316803018596
  },
  "out_of_sample": {
    "total_return_%": 340.66317173531166,
    "max_drawdown_%": 7.434441965885477,
    "sharpe_ratio": 1.1262269644604543,
    "sortino_ratio": Infinity,
    "calmar_ratio": 5.205420907925408,
    "total_trades": 15,
    "win_rate_%": 93.33333333333333,
    "profit_factor": 29.12455183301956
  }
}