{
  "in_sample": {
    "total_return_%": 1549.3319378306346,
    "max_drawdown_%": 0.8143424534725755,
    "sharpe_ratio": 0.7620676841878934,
    "sortino_ratio": 8.676962622939575,
    "calmar_ratio": 41.538338702859164,
    "total_trades": 36,
    "win_rate_%": 75.0,
    "profit_factor": 72.82962868112153
  },
  "out_of_sample": {
    "total_return_%": 345.39127277910734,
    "max_drawdown_%": 5.201773542212567,
    "sharpe_ratio": 1.1469820547132117,
    "sortino_ratio": Infinity,
    "calmar_ratio": 7.362094187998375,
    "total_trades": 14,
    "win_rate_%": 92.85714285714286,
    "profit_factor": 41.80734253160941
  }
}