{
  "in_sample": {
    "total_return_%": 1454.983919478946,
    "max_drawdown_%": 0.55243258298276,
    "sharpe_ratio": 0.6898182869776835,
    "sortino_ratio": 12.943877603907557,
    "calmar_ratio": 62.22182138260155,
    "total_trades": 28,
    "win_rate_%": 89.28571428571429,
    "profit_factor": 103.09180618336528
  },
  "out_of_sample": {
    "total_return_%": 334.07698185862785,
    "max_drawdown_%": 6.575616712309665,
    "sharpe_ratio": 1.1322492095720496,
    "sortino_ratio": 0.5255426778195288,
    "calmar_ratio": 5.755957411704524,
    "total_trades": 15,
    "win_rate_%": 86.66666666666667,
    "profit_factor": 31.446397460157396
  }
}