{
  "in_sample": {
    "total_return_%": 1138.8343797633097,
    "max_drawdown_%": 0.8755110431159301,
    "sharpe_ratio": 0.7777184344063507,
    "sortino_ratio": 5.516373034015547,
    "calmar_ratio": 34.32674302905664,
    "total_trades": 27,
    "win_rate_%": 81.48148148148148,
    "profit_factor": 65.86525781182083
  },
  "out_of_sample": {
    "total_return_%": 329.74168735718337,
    "max_drawdown_%": 7.434441965885477,
    "sharpe_ratio": 1.1153299675259536,
    "sortino_ratio": Infinity,
    "calmar_ratio": 5.17931269005959,
    "total_trades": 13,
    "win_rate_%": 92.3076923076923,
    "profit_factor": 28.198029294652734
  }
}