{
  "in_sample": {
    "total_return_%": 1139.7098908064258,
    "max_drawdown_%": 0.812441819384743,
    "sharpe_ratio": 0.7803183537100733,
    "sortino_ratio": 5.57477207778193,
    "calmar_ratio": 36.80399564780156,
    "total_trades": 26,
    "win_rate_%": 84.61538461538461,
    "profit_factor": 68.48792773045936
  },
  "out_of_sample": {
    "total_return_%": 332.42794127696686,
    "max_drawdown_%": 7.434441965885477,
    "sharpe_ratio": 1.1174317184386182,
    "sortino_ratio": Infinity,
    "calmar_ratio": 5.1797418933421895,
    "total_trades": 14,
    "win_rate_%": 92.85714285714286,
    "profit_factor": 28.43423324272294
  }
}