{
  "in_sample": {
    "total_return_%": 1139.4888255861456,
    "max_drawdown_%": 0.812441819384743,
    "sharpe_ratio": 0.7808743260861555,
    "sortino_ratio": 5.823964119573293,
    "calmar_ratio": 36.859803990348965,
    "total_trades": 26,
    "win_rate_%": 84.61538461538461,
    "profit_factor": 67.60694675510409
  },
  "out_of_sample": {
    "total_return_%": 332.7694785028276,
    "max_drawdown_%": 7.434441965885477,
    "sharpe_ratio": 1.1189773195949622,
    "sortino_ratio": Infinity,
    "calmar_ratio": 5.191662798896198,
    "total_trades": 14,
    "win_rate_%": 92.85714285714286,
    "profit_factor": 28.462183812355182
  }
}