{
  "in_sample": {
    "total_return_%": 1489.3831023101843,
    "max_drawdown_%": 3.0227683483057044,
    "sharpe_ratio": 0.7571286621592003,
    "sortino_ratio": 2.4414610162557966,
    "calmar_ratio": 11.07270535514304,
    "total_trades": 32,
    "win_rate_%": 78.125,
    "profit_factor": 74.72214768221563
  },
  "out_of_sample": {
    "total_return_%": 336.38555864975797,
    "max_drawdown_%": 5.19889801413912,
    "sharpe_ratio": 1.1479289075646517,
    "sortino_ratio": 0.6677286331682554,
    "calmar_ratio": 7.268036648533474,
    "total_trades": 15,
    "win_rate_%": 86.66666666666667,
    "profit_factor": 38.8713013146908
  }
}