{
  "in_sample": {
    "total_return_%": 1565.985508631005,
    "max_drawdown_%": 1.7472154038269017,
    "sharpe_ratio": 0.8424312243291928,
    "sortino_ratio": 6.804701158222724,
    "calmar_ratio": 18.60529515726591,
    "total_trades": 49,
    "win_rate_%": 73.46938775510205,
    "profit_factor": 61.28806614823422
  },
  "out_of_sample": {
    "total_return_%": 307.4409209809449,
    "max_drawdown_%": 6.631320838126044,
    "sharpe_ratio": 1.0276168475704441,
    "sortino_ratio": Infinity,
    "calmar_ratio": 5.513601147992666,
    "total_trades": 13,
    "win_rate_%": 92.3076923076923,
    "profit_factor": 37.33619521909002
  }
}