{
  "in_sample": {
    "total_return_%": 1183.1637169913145,
    "max_drawdown_%": 1.423543093813843,
    "sharpe_ratio": 0.7304088703294825,
    "sortino_ratio": 4.137395342549966,
    "calmar_ratio": 21.548032894360784,
    "total_trades": 29,
    "win_rate_%": 86.20689655172413,
    "profit_factor": 67.32191200623463
  },
  "out_of_sample": {
    "total_return_%": 332.80862842278054,
    "max_drawdown_%": 7.571378940047167,
    "sharpe_ratio": 1.1249645326879996,
    "sortino_ratio": Infinity,
    "calmar_ratio": 5.012803168853623,
    "total_trades": 15,
    "win_rate_%": 93.33333333333333,
    "profit_factor": 28.481755255770608
  }
}