{
  "in_sample": {
    "total_return_%": 1142.0558066363676,
    "max_drawdown_%": 0.6924474995550736,
    "sharpe_ratio": 0.7863388283257099,
    "sortino_ratio": 7.4645313097340935,
    "calmar_ratio": 43.35714620531206,
    "total_trades": 27,
    "win_rate_%": 85.18518518518519,
    "profit_factor": 86.01909806075436
  },
  "out_of_sample": {
    "total_return_%": 329.74168735718337,
    "max_drawdown_%": 7.434441965885477,
    "sharpe_ratio": 1.116355918736157,
    "sortino_ratio": Infinity,
    "calmar_ratio": 5.1888073054400845,
    "total_trades": 13,
    "win_rate_%": 92.3076923076923,
    "profit_factor": 28.198029294652734
  }
}