{
  "in_sample": {
    "total_return_%": 1475.5996107620929,
    "max_drawdown_%": 3.9477883905297912,
    "sharpe_ratio": 0.6964516836439074,
    "sortino_ratio": 2.4634693938549894,
    "calmar_ratio": 8.832919840064541,
    "total_trades": 30,
    "win_rate_%": 80.0,
    "profit_factor": 72.12120348752873
  },
  "out_of_sample": {
    "total_return_%": 335.79823434303535,
    "max_drawdown_%": 6.575616712309665,
    "sharpe_ratio": 1.1349864112620522,
    "sortino_ratio": 0.5267789405852563,
    "calmar_ratio": 5.769497464928607,
    "total_trades": 15,
    "win_rate_%": 86.66666666666667,
    "profit_factor": 31.601869177569224
  }
}