{
  "in_sample": {
    "total_return_%": 1189.5433478975797,
    "max_drawdown_%": 0.759109370080259,
    "sharpe_ratio": 0.7374235990301766,
    "sortino_ratio": 7.959199736644741,
    "calmar_ratio": 40.34000072652409,
    "total_trades": 29,
    "win_rate_%": 89.65517241379311,
    "profit_factor": 72.7073028088117
  },
  "out_of_sample": {
    "total_return_%": 332.80862842278054,
    "max_drawdown_%": 7.571378940047167,
    "sharpe_ratio": 1.125473709167964,
    "sortino_ratio": Infinity,
    "calmar_ratio": 5.017323279916612,
    "total_trades": 15,
    "win_rate_%": 93.33333333333333,
    "profit_factor": 28.481755255770608
  }
}