{
  "in_sample": {
    "total_return_%": 1136.8320721423142,
    "max_drawdown_%": 0.8755110431159301,
    "sharpe_ratio": 0.7735006366078128,
    "sortino_ratio": 6.066930511585693,
    "calmar_ratio": 33.97563450945913,
    "total_trades": 27,
    "win_rate_%": 81.48148148148148,
    "profit_factor": 59.151110594024054
  },
  "out_of_sample": {
    "total_return_%": 340.66317173531166,
    "max_drawdown_%": 7.434441965885477,
    "sharpe_ratio": 1.1262269644604543,
    "sortino_ratio": Infinity,
    "calmar_ratio": 5.205420907925408,
    "total_trades": 15,
    "win_rate_%": 93.33333333333333,
    "profit_factor": 29.12455183301956
  }
}