{
  "in_sample": {
    "total_return_%": 1660.8172554310688,
    "max_drawdown_%": 0.48577057332980556,
    "sharpe_ratio": 0.5418927114641918,
    "sortino_ratio": 15.40588670190917,
    "calmar_ratio": 83.13565420747253,
    "total_trades": 29,
    "win_rate_%": 79.3103448275862,
    "profit_factor": 74.1785960648322
  },
  "out_of_sample": {
    "total_return_%": 306.9048656526162,
    "max_drawdown_%": 6.631320838126044,
    "sharpe_ratio": 1.143340424955117,
    "sortino_ratio": Infinity,
    "calmar_ratio": 5.332233027967684,
    "total_trades": 14,
    "win_rate_%": 92.85714285714286,
    "profit_factor": 37.29681018573399
  }
}