{
  "in_sample": {
    "total_return_%": 1159.9284176813205,
    "max_drawdown_%": 0.7954025111441196,
    "sharpe_ratio": 0.7405100932369186,
    "sortino_ratio": 7.45987827064044,
    "calmar_ratio": 37.97968185642799,
    "total_trades": 29,
    "win_rate_%": 89.65517241379311,
    "profit_factor": 70.9307364587214
  },
  "out_of_sample": {
    "total_return_%": 333.49588021080876,
    "max_drawdown_%": 7.571378940047167,
    "sharpe_ratio": 1.1222499490976234,
    "sortino_ratio": Infinity,
    "calmar_ratio": 5.027160947032955,
    "total_trades": 16,
    "win_rate_%": 93.75,
    "profit_factor": 28.554365767904734
  }
}