{
  "in_sample": {
    "total_return_%": 1139.7098908064258,
    "max_drawdown_%": 0.812441819384743,
    "sharpe_ratio": 0.781083648695096,
    "sortino_ratio": 5.585690158623649,
    "calmar_ratio": 36.87607554527081,
    "total_trades": 26,
    "win_rate_%": 84.61538461538461,
    "profit_factor": 68.48792773045936
  },
  "out_of_sample": {
    "total_return_%": 332.7694785028276,
    "max_drawdown_%": 7.434441965885477,
    "sharpe_ratio": 1.1189773195949622,
    "sortino_ratio": Infinity,
    "calmar_ratio": 5.191662798896198,
    "total_trades": 14,
    "win_rate_%": 92.85714285714286,
    "profit_factor": 28.462183812355182
  }
}