{
  "in_sample": {
    "total_return_%": 1134.1249105582099,
    "max_drawdown_%": 0.8755110431159301,
    "sharpe_ratio": 0.8003731881396697,
    "sortino_ratio": 5.969994863075292,
    "calmar_ratio": 34.111384989351826,
    "total_trades": 26,
    "win_rate_%": 84.61538461538461,
    "profit_factor": 84.4304218531173
  },
  "out_of_sample": {
    "total_return_%": 329.74168735718337,
    "max_drawdown_%": 7.434441965885477,
    "sharpe_ratio": 1.1173847063838123,
    "sortino_ratio": Infinity,
    "calmar_ratio": 5.198336795440892,
    "total_trades": 13,
    "win_rate_%": 92.3076923076923,
    "profit_factor": 28.198029294652734
  }
}