{
  "in_sample": {
    "total_return_%": 1220.7933856232262,
    "max_drawdown_%": 0.6509357874968505,
    "sharpe_ratio": 0.7220233702906215,
    "sortino_ratio": 10.459138459657058,
    "calmar_ratio": 47.75412115024139,
    "total_trades": 29,
    "win_rate_%": 89.65517241379311,
    "profit_factor": 86.7363500452049
  },
  "out_of_sample": {
    "total_return_%": 331.56644632108254,
    "max_drawdown_%": 7.571378940047167,
    "sharpe_ratio": 1.1231630076385335,
    "sortino_ratio": Infinity,
    "calmar_ratio": 5.0040051395300145,
    "total_trades": 15,
    "win_rate_%": 93.33333333333333,
    "profit_factor": 28.380098116517505
  }
}