{
  "in_sample": {
    "total_return_%": 1589.5558880320618,
    "max_drawdown_%": 0.5062694795680003,
    "sharpe_ratio": 0.7890226916432789,
    "sortino_ratio": 15.980908436866276,
    "calmar_ratio": 66.15884778874525,
    "total_trades": 29,
    "win_rate_%": 82.75862068965517,
    "profit_factor": 71.04961920891294
  },
  "out_of_sample": {
    "total_return_%": 306.0645347440335,
    "max_drawdown_%": 6.631320838126044,
    "sharpe_ratio": 1.1440267767298447,
    "sortino_ratio": Infinity,
    "calmar_ratio": 5.343996081994976,
    "total_trades": 14,
    "win_rate_%": 92.85714285714286,
    "profit_factor": 37.1983250314315
  }
}