{
  "in_sample": {
    "total_return_%": 1660.4622311717008,
    "max_drawdown_%": 0.48586858361189167,
    "sharpe_ratio": 0.5422728789861173,
    "sortino_ratio": 15.426181375779539,
    "calmar_ratio": 83.24424487277626,
    "total_trades": 29,
    "win_rate_%": 79.3103448275862,
    "profit_factor": 74.16300749656025
  },
  "out_of_sample": {
    "total_return_%": 306.53701272553917,
    "max_drawdown_%": 6.631320838126044,
    "sharpe_ratio": 1.1438483649254607,
    "sortino_ratio": Infinity,
    "calmar_ratio": 5.338428413808018,
    "total_trades": 14,
    "win_rate_%": 92.85714285714286,
    "profit_factor": 37.25369853541411
  }
}