{
  "in_sample": {
    "total_return_%": 1236.1297516626491,
    "max_drawdown_%": 0.6434226635002449,
    "sharpe_ratio": 0.7078019493869891,
    "sortino_ratio": 10.652811872268101,
    "calmar_ratio": 48.81782494478029,
    "total_trades": 29,
    "win_rate_%": 89.65517241379311,
    "profit_factor": 87.8083304281003
  },
  "out_of_sample": {
    "total_return_%": 332.42103414686267,
    "max_drawdown_%": 7.532136885992767,
    "sharpe_ratio": 1.125938804546495,
    "sortino_ratio": Infinity,
    "calmar_ratio": 5.029378325558517,
    "total_trades": 15,
    "win_rate_%": 93.33333333333333,
    "profit_factor": 28.45003549002383
  }
}