{
  "in_sample": {
    "total_return_%": 1130.6388013956248,
    "max_drawdown_%": 0.825738466882007,
    "sharpe_ratio": 0.7779815181583791,
    "sortino_ratio": 7.001781926872001,
    "calmar_ratio": 35.75188519274494,
    "total_trades": 27,
    "win_rate_%": 88.88888888888889,
    "profit_factor": 69.14968977533933
  },
  "out_of_sample": {
    "total_return_%": 336.1942153963615,
    "max_drawdown_%": 7.434441965885477,
    "sharpe_ratio": 1.1185860822312177,
    "sortino_ratio": Infinity,
    "calmar_ratio": 5.164284961532401,
    "total_trades": 15,
    "win_rate_%": 93.33333333333333,
    "profit_factor": 28.758823397354913
  }
}