{
  "in_sample": {
    "total_return_%": 1553.9608958158838,
    "max_drawdown_%": 0.7767382518857019,
    "sharpe_ratio": 0.7931055165154206,
    "sortino_ratio": 9.469513624806018,
    "calmar_ratio": 42.56621728058525,
    "total_trades": 33,
    "win_rate_%": 81.81818181818183,
    "profit_factor": 64.41233589908504
  },
  "out_of_sample": {
    "total_return_%": 307.4409209809449,
    "max_drawdown_%": 6.631320838126044,
    "sharpe_ratio": 1.0276168475704441,
    "sortino_ratio": Infinity,
    "calmar_ratio": 5.513601147992666,
    "total_trades": 13,
    "win_rate_%": 92.3076923076923,
    "profit_factor": 37.33619521909002
  }
}