{
  "in_sample": {
    "total_return_%": 1137.7075831854302,
    "max_drawdown_%": 0.812441819384743,
    "sharpe_ratio": 0.7786708912478378,
    "sortino_ratio": 6.132563286490676,
    "calmar_ratio": 36.67012071817792,
    "total_trades": 26,
    "win_rate_%": 84.61538461538461,
    "profit_factor": 61.257784932331944
  },
  "out_of_sample": {
    "total_return_%": 334.58990991487144,
    "max_drawdown_%": 7.434441965885477,
    "sharpe_ratio": 1.1187078650072757,
    "sortino_ratio": Infinity,
    "calmar_ratio": 5.176315768393427,
    "total_trades": 15,
    "win_rate_%": 93.33333333333333,
    "profit_factor": 28.627530968077913
  }
}