{
  "in_sample": {
    "total_return_%": 1126.2530520920993,
    "max_drawdown_%": 0.7014251892770775,
    "sharpe_ratio": 0.8311663301149934,
    "sortino_ratio": 7.556565823475041,
    "calmar_ratio": 42.086008987674504,
    "total_trades": 26,
    "win_rate_%": 88.46153846153845,
    "profit_factor": 77.64777791458391
  },
  "out_of_sample": {
    "total_return_%": 331.73380549075074,
    "max_drawdown_%": 7.434441965885477,
    "sharpe_ratio": 1.120984258530735,
    "sortino_ratio": Infinity,
    "calmar_ratio": 5.217701545363529,
    "total_trades": 13,
    "win_rate_%": 92.3076923076923,
    "profit_factor": 28.36105936104627
  }
}