{
  "in_sample": {
    "total_return_%": 1147.854360942576,
    "max_drawdown_%": 0.8025818284229534,
    "sharpe_ratio": 0.7578442294300866,
    "sortino_ratio": 7.393811935775995,
    "calmar_ratio": 37.63316128338456,
    "total_trades": 26,
    "win_rate_%": 88.46153846153845,
    "profit_factor": 70.17043405190272
  },
  "out_of_sample": {
    "total_return_%": 332.42794127696686,
    "max_drawdown_%": 7.434441965885477,
    "sharpe_ratio": 1.1169206954304232,
    "sortino_ratio": Infinity,
    "calmar_ratio": 5.175024459923845,
    "total_trades": 14,
    "win_rate_%": 92.85714285714286,
    "profit_factor": 28.43423324272294
  }
}