{
  "in_sample": {
    "total_return_%": 1536.663718229149,
    "max_drawdown_%": 1.3591604661813415,
    "sharpe_ratio": 0.7516386647543024,
    "sortino_ratio": 7.478197550915869,
    "calmar_ratio": 24.977153267787394,
    "total_trades": 33,
    "win_rate_%": 72.72727272727273,
    "profit_factor": 69.01444832171661
  },
  "out_of_sample": {
    "total_return_%": 342.94665695137405,
    "max_drawdown_%": 5.201773542212567,
    "sharpe_ratio": 1.1437208286163811,
    "sortino_ratio": Infinity,
    "calmar_ratio": 7.344779937734131,
    "total_trades": 14,
    "win_rate_%": 92.85714285714286,
    "profit_factor": 41.52083829316519
  }
}