{
  "in_sample": {
    "total_return_%": 1466.7405634665197,
    "max_drawdown_%": 2.4725684205688414,
    "sharpe_ratio": 0.7356046630557123,
    "sortino_ratio": 6.176605660905098,
    "calmar_ratio": 13.540746296473037,
    "total_trades": 32,
    "win_rate_%": 78.125,
    "profit_factor": 84.56191009906867
  },
  "out_of_sample": {
    "total_return_%": 337.6266022551865,
    "max_drawdown_%": 6.445414830627478,
    "sharpe_ratio": 1.143175434004203,
    "sortino_ratio": 0.5378383767747718,
    "calmar_ratio": 5.888917516535739,
    "total_trades": 15,
    "win_rate_%": 86.66666666666667,
    "profit_factor": 31.767016070275474
  }
}