{
  "in_sample": {
    "total_return_%": 1407.8543063539162,
    "max_drawdown_%": 0.5697844965829449,
    "sharpe_ratio": 0.6621547376641903,
    "sortino_ratio": 12.789619311684785,
    "calmar_ratio": 60.92360279193661,
    "total_trades": 29,
    "win_rate_%": 89.65517241379311,
    "profit_factor": 99.81152293258843
  },
  "out_of_sample": {
    "total_return_%": 334.90001485834375,
    "max_drawdown_%": 6.575616712309665,
    "sharpe_ratio": 1.1340707180621648,
    "sortino_ratio": Infinity,
    "calmar_ratio": 5.767622065267997,
    "total_trades": 15,
    "win_rate_%": 93.33333333333333,
    "profit_factor": 32.75102745977327
  }
}