{
  "in_sample": {
    "total_return_%": 1522.6350830204847,
    "max_drawdown_%": 1.273153413023749,
    "sharpe_ratio": 0.7839262223148707,
    "sortino_ratio": 11.979668807062353,
    "calmar_ratio": 26.000975330791153,
    "total_trades": 37,
    "win_rate_%": 72.97297297297297,
    "profit_factor": 57.80519839983739
  },
  "out_of_sample": {
    "total_return_%": 344.07619387039483,
    "max_drawdown_%": 5.201773542212567,
    "sharpe_ratio": 1.1424654899296494,
    "sortino_ratio": Infinity,
    "calmar_ratio": 7.345911263085567,
    "total_trades": 14,
    "win_rate_%": 92.85714285714286,
    "profit_factor": 41.65321783153984
  }
}