{
  "in_sample": {
    "total_return_%": 1143.9710200115844,
    "max_drawdown_%": 2.1020985302760162,
    "sharpe_ratio": 0.745688642869697,
    "sortino_ratio": 6.658606511884296,
    "calmar_ratio": 14.330963579505717,
    "total_trades": 28,
    "win_rate_%": 82.14285714285714,
    "profit_factor": 58.04189976878082
  },
  "out_of_sample": {
    "total_return_%": 336.1942153963615,
    "max_drawdown_%": 7.434441965885477,
    "sharpe_ratio": 1.1190941736115294,
    "sortino_ratio": Infinity,
    "calmar_ratio": 5.168958522583561,
    "total_trades": 15,
    "win_rate_%": 93.33333333333333,
    "profit_factor": 28.758823397354913
  }
}