{
  "in_sample": {
    "total_return_%": 1660.8172554310688,
    "max_drawdown_%": 0.48577057332980556,
    "sharpe_ratio": 0.5420991909567637,
    "sortino_ratio": 15.417620050501636,
    "calmar_ratio": 83.19897153740966,
    "total_trades": 29,
    "win_rate_%": 79.3103448275862,
    "profit_factor": 74.1785960648322
  },
  "out_of_sample": {
    "total_return_%": 306.9048656526162,
    "max_drawdown_%": 6.631320838126044,
    "sharpe_ratio": 1.1438501983712275,
    "sortino_ratio": Infinity,
    "calmar_ratio": 5.336968581278488,
    "total_trades": 14,
    "win_rate_%": 92.85714285714286,
    "profit_factor": 37.29681018573399
  }
}