{
  "in_sample": {
    "total_return_%": 1465.286730935153,
    "max_drawdown_%": 0.6313477144820974,
    "sharpe_ratio": 0.7204540590232812,
    "sortino_ratio": 13.614027126004306,
    "calmar_ratio": 53.60710378282014,
    "total_trades": 30,
    "win_rate_%": 80.0,
    "profit_factor": 89.24718877897212
  },
  "out_of_sample": {
    "total_return_%": 332.6625468232267,
    "max_drawdown_%": 6.575616712309665,
    "sharpe_ratio": 1.129575881409322,
    "sortino_ratio": 0.654349037275881,
    "calmar_ratio": 5.739444142044925,
    "total_trades": 16,
    "win_rate_%": 81.25,
    "profit_factor": 27.515736259956903
  }
}