{
  "in_sample": {
    "total_return_%": 1535.6273318615636,
    "max_drawdown_%": 5.1389058274927235,
    "sharpe_ratio": 0.7807013250302343,
    "sortino_ratio": 2.517817834505366,
    "calmar_ratio": 6.480541190222424,
    "total_trades": 37,
    "win_rate_%": 72.97297297297297,
    "profit_factor": 50.085338221917254
  },
  "out_of_sample": {
    "total_return_%": 344.59507101563764,
    "max_drawdown_%": 5.201773542212567,
    "sharpe_ratio": 1.1432524514324742,
    "sortino_ratio": Infinity,
    "calmar_ratio": 7.350982239924847,
    "total_trades": 14,
    "win_rate_%": 92.85714285714286,
    "profit_factor": 41.714029227611725
  }
}